movie_id,movie_name,count
50,Star Wars (1977),325
100,Fargo (1996),227
127,Godfather,214
174,Raiders of the Lost Ark (1981),202
56,Pulp Fiction (1994),188
318,Schindler's List (1993),186
98,Silence of the Lambs,181
313,Titanic (1997),179
172,Empire Strikes Back,172
181,Return of the Jedi (1983),171
64,Shawshank Redemption,163
173,Princess Bride,159
12,Usual Suspects,149
483,Casablanca (1942),141
22,Braveheart (1995),134
258,Contact (1997),132
286,English Patient,131
357,One Flew Over the Cuckoo's Nest (1975),126
168,Monty Python and the Holy Grail (1974),125
302,L.A. Confidential (1997),120
1,Toy Story (1995),119
89,Blade Runner (1982),112
603,Rear Window (1954),107
191,Amadeus (1984),107
496,It's a Wonderful Life (1946),104
96,Terminator 2: Judgment Day (1991),103
132,Wizard of Oz,102
183,Alien (1979),101
79,Fugitive,101
134,Citizen Kane (1941),101
69,Forrest Gump (1994),100
7,Twelve Monkeys (1995),99
269,Full Monty,97
9,Dead Man Walking (1995),97
185,Psycho (1960),95
187,Godfather: Part II,95
474,Dr. Strangelove or: How I Learned to Stop Worrying and Love the Bomb (1963),95
135,2001: A Space Odyssey (1968),95
427,To Kill a Mockingbird (1962),95
195,Terminator,94
197,Graduate,93
423,E.T. the Extra-Terrestrial (1982),93
272,Good Will Hunting (1997),93
210,Indiana Jones and the Last Crusade (1989),93
515,Boot,88
204,Back to the Future (1985),86
300,Air Force One (1997),85
276,Leaving Las Vegas (1995),85
176,Aliens (1986),85
288,Scream (1996),85
179,Clockwork Orange,84
8,Babe (1995),84
275,Sense and Sensibility (1995),84
180,Apocalypse Now (1979),84
194,Sting,81
151,Willy Wonka and the Chocolate Factory (1971),81
475,Trainspotting (1996),80
511,Lawrence of Arabia (1962),79
238,Raising Arizona (1987),78
480,North by Northwest (1959),77
117,Rock,77
216,When Harry Met Sally... (1989),76
121,Independence Day (ID4) (1996),76
285,Secrets & Lies (1996),75
237,Jerry Maguire (1996),75
15,Mr. Holland's Opus (1995),74
97,Dances with Wolves (1990),74
143,Sound of Music,74
182,GoodFellas (1990),73
169,Wrong Trousers,73
11,Seven (Se7en) (1995),72
268,Chasing Amy (1997),71
408,Close Shave,70
228,Star Trek: The Wrath of Khan (1982),69
28,Apollo 13 (1995),69
23,Taxi Driver (1976),68
654,Chinatown (1974),68
234,Jaws (1975),68
144,Die Hard (1988),67
175,Brazil (1985),67
257,Men in Black (1997),66
479,Vertigo (1958),66
124,Lone Star (1996),66
196,Dead Poets Society (1989),66
222,Star Trek: First Contact (1996),65
199,Bridge on the River Kwai,65
186,Blues Brothers,64
202,Groundhog Day (1993),64
14,Postino,63
82,Jurassic Park (1993),63
435,Butch Cassidy and the Sundance Kid (1969),63
514,Annie Hall (1977),62
208,Young Frankenstein (1974),62
200,Shining,61
137,Big Night (1996),60
209,This Is Spinal Tap (1984),60
265,Hunt for Red October,60
178,12 Angry Men (1957),60
153,Fish Called Wanda,60
83,Much Ado About Nothing (1993),59
71,Lion King,59
315,Apt Pupil (1998),58
498,African Queen,58
527,Gandhi (1982),58
133,Gone with the Wind (1939),57
655,Stand by Me (1986),56
484,Maltese Falcon,56
651,Glory (1989),55
211,M*A*S*H (1970),55
657,Manchurian Candidate,55
170,Cinema Paradiso (1988),53
95,Aladdin (1992),53
215,Field of Dreams (1989),53
432,Fantasia (1940),53
223,Sling Blade (1996),52
156,Reservoir Dogs (1992),51
205,Patton (1970),51
742,Ransom (1996),50
150,Swingers (1996),50
190,Henry V (1989),49
705,Singin' in the Rain (1952),49
333,Game,49
282,Time to Kill,48
42,Clerks (1994),48
588,Beauty and the Beast (1991),48
520,Great Escape,47
482,Some Like It Hot (1959),46
86,Remains of the Day,46
294,Liar Liar (1997),46
192,Raging Bull (1980),46
154,Monty Python's Life of Brian (1979),46
48,Hoop Dreams (1994),45
125,Phenomenon (1996),45
340,Boogie Nights (1997),45
523,Cool Hand Luke (1967),44
298,Face/Off (1997),44
528,Killing Fields,44
273,Heat (1995),44
213,Room with a View,44
25,Birdcage,43
419,Mary Poppins (1964),43
203,Unforgiven (1992),43
316,As Good As It Gets (1997),43
750,Amistad (1997),41
568,Speed (1994),41
660,Fried Green Tomatoes (1991),40
385,True Lies (1994),40
328,Conspiracy Theory (1997),40
242,Kolya (1996),40
582,Piano,40
485,My Fair Lady (1964),40
659,Arsenic and Old Lace (1944),40
87,Searching for Bobby Fischer (1993),40
246,Chasing Amy (1997),40
433,Heathers (1989),39
663,Being There (1979),39
735,Philadelphia (1993),39
136,Mr. Smith Goes to Washington (1939),39
198,Nikita (La Femme Nikita) (1990),39
283,Emma (1996),39
114,Wallace & Gromit: The Best of Aardman Animation (1996),38
478,Philadelphia Story,38
161,Top Gun (1986),38
521,Deer Hunter,37
709,Strictly Ballroom (1992),37
531,Shine (1996),37
116,Cold Comfort Farm (1995),36
99,Snow White and the Seven Dwarfs (1937),36
510,Magnificent Seven,36
70,Four Weddings and a Funeral (1994),36
118,Twister (1996),35
193,Right Stuff,35
177,Good,35
919,City of Lost Children,35
443,Birds,35
188,Full Metal Jacket (1987),35
405,Mission: Impossible (1996),35
748,Saint,34
513,Third Man,34
430,Duck Soup (1933),34
504,Bonnie and Clyde (1967),33
451,Grease (1978),33
462,Like Water For Chocolate (Como agua para chocolate) (1992),33
250,Fifth Element,33
230,Star Trek IV: The Voyage Home (1986),32
508,People vs. Larry Flynt,32
129,Bound (1996),32
526,Ben-Hur (1959),32
91,Nightmare Before Christmas,32
59,Three Colors: Red (1994),32
55,Professional,32
88,Sleepless in Seattle (1993),32
684,In the Line of Fire (1993),31
763,Happy Gilmore (1996),31
661,High Noon (1952),31
126,Spitfire Grill,30
647,Ran (1985),30
431,Highlander (1986),30
428,Harold and Maude (1971),30
289,Evita (1996),30
271,Starship Troopers (1997),30
147,Long Kiss Goodnight,30
111,Truth About Cats & Dogs,30
45,Eat Drink Man Woman (1994),29
326,G.I. Jane (1997),29
471,Courage Under Fire (1996),29
4,Get Shorty (1995),29
732,Dave (1993),28
509,My Left Foot (1989),28
47,Ed Wood (1994),28
346,Jackie Brown (1997),28
525,Big Sleep,28
306,Mrs. Brown (Her Majesty,28
327,Cop Land (1997),27
157,Platoon (1986),27
692,American President,27
530,Man Who Would Be King,27
488,Sunset Blvd. (1950),27
1039,Hamlet (1996),27
274,Sabrina (1995),27
529,My Life as a Dog (Mitt liv som hund) (1985),27
923,Raise the Red Lantern (1991),26
652,Rosencrantz and Guildenstern Are Dead (1990),26
736,Shadowlands (1993),26
293,Donnie Brasco (1997),26
506,Rebel Without a Cause (1955),26
10,Richard III (1995),26
301,In & Out (1997),26
378,Miracle on 34th Street (1994),26
402,Ghost (1990),26
60,Three Colors: Blue (1993),26
251,Shall We Dance? (1996),25
66,While You Were Sleeping (1995),25
93,Welcome to the Dollhouse (1995),25
633,Christmas Carol,25
845,That Thing You Do! (1996),25
189,Grand Day Out,25
255,My Best Friend's Wedding (1997),25
487,Roman Holiday (1953),25
707,Enchanted April (1991),25
317,In the Name of the Father (1993),25
19,Antonia's Line (1995),25
429,Day the Earth Stood Still,25
517,Manhattan (1979),24
591,Primal Fear (1996),24
519,Treasure of the Sierra Madre,24
421,William Shakespeare's Romeo and Juliet (1996),24
512,Wings of Desire (1987),24
690,Seven Years in Tibet (1997),24
631,Crying Game,24
507,Streetcar Named Desire,24
307,Devil's Advocate,24
81,Hudsucker Proxy,24
248,Grosse Pointe Blank (1997),24
58,Quiz Show (1994),24
241,Last of the Mohicans,24
13,Mighty Aphrodite (1995),24
470,Tombstone (1993),24
493,Thin Man,23
606,All About Eve (1950),23
165,Jean de Florette (1986),23
164,Abyss,23
319,Everyone Says I Love You (1996),23
516,Local Hero (1983),23
481,Apartment,23
746,Real Genius (1985),23
162,On Golden Pond (1981),23
382,Adventures of Priscilla,23
604,It Happened One Night (1934),23
32,Crumb (1994),23
131,Breakfast at Tiffany's (1961),23
739,Pretty Woman (1990),23
866,Michael (1996),22
68,Crow,22
270,Gattaca (1997),22
628,Sleepers (1996),22
292,Rosewood (1997),22
303,Ulee's Gold (1997),22
566,Clear and Present Danger (1994),22
1016,Con Air (1997),22
393,Mrs. Doubtfire (1993),22
347,Wag the Dog (1997),22
24,Rumble in the Bronx (1995),22
201,Evil Dead II (1987),22
304,Fly Away Home (1996),22
184,Army of Darkness (1993),21
969,Winnie the Pooh and the Blustery Day (1968),21
219,Nightmare on Elm Street,21
648,Quiet Man,21
239,Sneakers (1992),21
501,Dumbo (1941),21
226,Die Hard 2 (1990),21
31,Crimson Tide (1995),21
607,Rebecca (1940),21
403,Batman (1989),21
109,Mystery Science Theater 3000: The Movie (1996),21
52,Madness of King George,21
171,Delicatessen (1991),20
615,39 Steps,20
1073,Shallow Grave (1994),20
963,Some Folks Call It a Sling Blade (1993),20
497,Bringing Up Baby (1938),20
212,Unbearable Lightness of Being,20
249,Austin Powers: International Man of Mystery (1997),20
235,Mars Attacks! (1996),20
214,Pink Floyd - The Wall (1982),20
324,Lost Highway (1997),20
418,Cinderella (1950),20
650,Seventh Seal,20
693,Casino (1995),19
751,Tomorrow Never Dies (1997),19
166,Manon of the Spring (Manon des sources) (1986),19
207,Cyrano de Bergerac (1990),19
218,Cape Fear (1991),19
221,Breaking the Waves (1996),19
367,Clueless (1995),19
463,Secret of Roan Inish,19
694,Persuasion (1995),19
323,Dante's Peak (1997),19
425,Bob Roberts (1992),19
596,Hunchback of Notre Dame,18
404,Pinocchio (1940),18
332,Kiss the Girls (1997),18
632,Sophie's Choice (1982),18
505,Dial M for Murder (1954),18
887,Eve's Bayou (1997),18
699,Little Women (1994),18
381,Muriel's Wedding (1994),18
472,Dragonheart (1996),18
262,In the Company of Men (1997),17
447,Carrie (1976),17
321,Mother (1996),17
589,Wild Bunch,17
465,Jungle Book,17
310,Rainmaker,17
813,Celluloid Closet,17
559,Interview with the Vampire (1994),17
410,Kingpin (1996),17
921,Farewell My Concubine (1993),17
331,Edge,17
489,Notorious (1946),17
57,Priest (1994),17
1142,When We Were Kings (1996),17
92,True Romance (1993),16
855,Diva (1981),16
305,Ice Storm,16
524,Great Dictator,16
61,Three Colors: White (1994),16
924,White Squall (1996),16
550,Die Hard: With a Vengeance (1995),16
53,Natural Born Killers (1994),16
33,Desperado (1995),16
597,Eraser (1996),16
611,Laura (1944),16
1028,Grumpier Old Men (1995),15
685,Executive Decision (1996),15
343,Alien: Resurrection (1997),15
152,Sleeper (1973),15
494,His Girl Friday (1940),15
434,Forbidden Planet (1956),15
476,First Wives Club,15
227,Star Trek VI: The Undiscovered Country (1991),15
51,Legends of the Fall (1994),15
558,Heavenly Creatures (1994),15
641,Paths of Glory (1957),15
518,Miller's Crossing (1990),15
245,Devil's Own,15
1065,Koyaanisqatsi (1983),15
1021,8 1/2 (1963),14
229,Star Trek III: The Search for Spock (1984),14
217,Bram Stoker's Dracula (1992),14
499,Cat on a Hot Tin Roof (1958),14
73,Maverick (1994),14
713,Othello (1995),14
455,Jackie Chan's First Strike (1996),14
469,Short Cuts (1993),14
658,Pump Up the Volume (1990),14
1007,Waiting for Guffman (1996),14
486,Sabrina (1954),14
284,Tin Cup (1996),14
879,Peacemaker,14
762,Beautiful Girls (1996),14
20,Angels and Insects (1995),14
77,Firm,14
148,Ghost and the Darkness,14
792,Bullets Over Broadway (1994),14
1101,Six Degrees of Separation (1993),14
656,M (1931),14
65,What's Eating Gilbert Grape (1993),14
436,American Werewolf in London,14
1012,Private Parts (1997),13
640,Cook the Thief His Wife & Her Lover,13
744,Michael Collins (1996),13
448,Omen,13
128,Supercop (1992),13
491,Adventures of Robin Hood,13
392,Man Without a Face,13
902,Big Lebowski,13
101,Heavy Metal (1981),13
371,Bridges of Madison County,13
62,Stargate (1994),13
220,Mirror Has Two Faces,13
490,To Catch a Thief (1955),13
155,Dirty Dancing (1987),13
492,East of Eden (1955),13
322,Murder at 1600 (1997),13
163,Return of the Pink Panther,13
502,Bananas (1971),13
522,Down by Law (1986),13
928,Craft,12
778,Don Juan DeMarco (1995),12
727,Immortal Beloved (1994),12
291,Absolute Power (1997),12
38,Net,12
676,Crucible,12
297,Ulee's Gold (1997),12
311,Wings of the Dove,12
420,Alice in Wonderland (1951),12
94,Home Alone (1990),12
1063,Little Princess,12
549,Rob Roy (1995),12
344,Apostle,12
277,Restoration (1995),12
959,Dazed and Confused (1993),12
715,To Die For (1995),12
671,Bride of Frankenstein (1935),12
689,Jackal,12
380,Star Trek: Generations (1994),12
416,Old Yeller (1957),12
662,Somewhere in Time (1980),12
240,Beavis and Butt-head Do America (1996),12
642,Grifters,12
747,Benny & Joon (1993),12
896,Sweet Hereafter,12
895,Scream 2 (1997),12
898,Postman,11
3,Four Rooms (1995),11
295,Breakdown (1997),11
334,U Turn (1997),11
1137,Beautiful Thing (1996),11
741,Last Supper,11
945,Charade (1963),11
856,Night on Earth (1991),11
253,Pillow Book,11
966,Affair to Remember,11
686,Perfect World,11
708,Sex,11
721,Mallrats (1995),11
740,Jane Eyre (1996),11
477,Matilda (1996),11
675,Nosferatu (Nosferatu,11
584,Secret Garden,11
320,Paradise Lost: The Child Murders at Robin Hood Hills (1996),11
26,Brothers McMullen,11
449,Star Trek: The Motion Picture (1979),11
716,Home for the Holidays (1995),11
644,Thin Blue Line,10
1119,Some Kind of Wonderful (1987),10
1009,Stealing Beauty (1996),10
646,Once Upon a Time in the West (1969),10
312,Midnight in the Garden of Good and Evil (1997),10
287,Marvin's Room (1996),10
1203,Top Hat (1935),10
280,Up Close and Personal (1996),10
922,Dead Man (1995),10
578,Demolition Man (1993),10
614,Giant (1956),10
673,Cape Fear (1962),10
781,French Kiss (1995),10
1240,Ghost in the Shell (Kokaku kidotai) (1995),10
473,James and the Giant Peach (1996),10
252,Lost World: Jurassic Park,10
1194,Once Were Warriors (1994),10
224,Ridicule (1996),10
1019,Die xue shuang xiong (Killer,10
461,Smoke (1995),10
710,Better Off Dead... (1985),10
233,Under Siege (1992),10
325,Crash (1996),10
553,Walk in the Clouds,10
160,Glengarry Glen Ross (1992),10
724,Circle of Friends (1995),10
682,I Know What You Did Last Summer (1997),10
616,Night of the Living Dead (1968),10
755,Jumanji (1995),10
961,Orlando (1993),9
1022,Fast,9
345,Deconstructing Harry (1997),9
613,My Man Godfrey (1936),9
278,Bed of Roses (1996),9
236,Citizen Ruth (1996),9
538,Anastasia (1997),9
72,Mask,9
354,Wedding Singer,9
880,Soul Food (1997),9
467,Bronx Tale,9
627,Robin Hood: Prince of Thieves (1991),9
847,Looking for Richard (1996),9
2,GoldenEye (1995),9
678,Volcano (1997),9
411,Nutty Professor,9
612,Lost Horizon (1937),9
993,Hercules (1997),9
936,Brassed Off (1996),9
17,From Dusk Till Dawn (1996),9
546,Broken Arrow (1996),9
259,George of the Jungle (1997),9
39,Strange Days (1995),9
67,Ace Ventura: Pet Detective (1994),9
339,Mad City (1997),9
466,Red Rock West (1992),9
679,Conan the Barbarian (1981),9
873,Picture Perfect (1997),8
281,River Wild,8
399,Three Musketeers,8
123,Frighteners,8
664,Paris,8
1221,When a Man Loves a Woman (1994),8
387,Age of Innocence,8
634,Microcosmos: Le peuple de l'herbe (1996),8
653,Touch of Evil (1958),8
358,Spawn (1997),8
30,Belle de jour (1967),8
610,Gigi (1958),8
107,Moll Flanders (1996),8
638,Return of Martin Guerre,8
1041,Forget Paris (1995),8
602,American in Paris,8
1160,Love! Valour! Compassion! (1997),8
90,So I Married an Axe Murderer (1993),8
729,Nell (1994),8
949,How to Make an American Quilt (1995),8
639,Tin Drum,8
872,Love Jones (1997),8
6,Shanghai Triad (Yao a yao yao dao waipo qiao) (1995),8
468,Rudy (1993),8
697,Basketball Diaries,8
562,Quick and the Dead,8
720,First Knight (1995),8
753,Burnt By the Sun (1994),8
900,Kundun (1997),8
672,Candyman (1992),7
365,Powder (1995),7
581,Kalifornia (1993),7
754,Red Corner (1997),7
414,My Favorite Year (1982),7
836,Ninotchka (1939),7
837,Meet John Doe (1941),7
815,One Fine Day (1996),7
547,Young Poisoner's Handbook,7
1129,Chungking Express (1994),7
232,Young Guns (1988),7
794,It Could Happen to You (1994),7
881,Money Talks (1997),7
49,I.Q. (1994),7
1014,Romy and Michele's High School Reunion (1997),7
500,Fly Away Home (1996),7
955,Before Sunrise (1995),7
904,Ma vie en rose (My Life in Pink) (1997),7
1220,Higher Learning (1995),7
1020,Gaslight (1944),7
601,For Whom the Bell Tolls (1943),7
1025,Fire Down Below (1997),7
863,Garden of Finzi-Contini,7
458,Nixon (1995),7
946,Fox and the Hound,7
495,Around the World in 80 Days (1956),7
609,Father of the Bride (1950),7
853,Braindead (1992),7
1050,Ghost and Mrs. Muir,7
417,Parent Trap,7
629,Victor/Victoria (1982),7
1005,Double vie de V�ronique,7
561,Mary Shelley's Frankenstein (1994),7
1067,Bottle Rocket (1996),7
206,Akira (1988),7
645,Paris Is Burning (1990),7
825,Arrival,7
780,Dumb & Dumber (1994),7
665,Alien 3 (1992),7
140,Homeward Bound: The Incredible Journey (1993),7
44,Dolores Claiborne (1994),7
990,Anna Karenina (1997),7
1084,Anne Frank Remembered (1995),7
984,Shadow Conspiracy (1997),6
844,Freeway (1996),6
1010,Basquiat (1996),6
260,Event Horizon (1997),6
366,Dangerous Minds (1995),6
1134,Get on the Bus (1996),6
225,101 Dalmatians (1996),6
952,Blue in the Face (1995),6
5,Copycat (1995),6
595,Fan,6
543,Mis�rables,6
580,Englishman Who Went Up a Hill,6
299,Hoodlum (1997),6
789,Swimming with Sharks (1995),6
1098,Flirting With Disaster (1996),6
874,Career Girls (1997),6
1126,Old Man and the Sea,6
356,Client,6
464,Vanya on 42nd Street (1994),6
266,Kull the Conqueror (1997),6
625,Sword in the Stone,6
989,Cats Don't Dance (1997),6
1121,Umbrellas of Cherbourg,6
930,Chain Reaction (1996),6
886,Life Less Ordinary,6
756,Father of the Bride Part II (1995),6
745,Ruling Class,6
21,Muppet Treasure Island (1996),6
1074,Reality Bites (1994),6
29,Batman Forever (1995),6
1017,Trees Lounge (1996),6
1047,Multiplicity (1996),6
1070,Living in Oblivion (1995),6
359,Assignment,6
636,Escape from New York (1981),6
1278,Selena (1997),5
122,Cable Guy,5
389,Black Beauty (1994),5
971,Mediterraneo (1991),5
535,Addicted to Love (1997),5
108,Kids in the Hall: Brain Candy (1996),5
243,Jungle2Jungle (1997),5
1136,Ghosts of Mississippi (1996),5
909,Dangerous Beauty (1998),5
1143,Hard Eight (1996),5
1152,In Love and War (1996),5
63,Santa Clause,5
882,Washington Square (1997),5
749,MatchMaker,5
1197,Family Thing,5
115,Haunted World of Edward D. Wood Jr.,5
329,Desperate Measures (1998),5
1176,Welcome To Sarajevo (1997),5
768,Casper (1995),5
865,Ice Storm,5
975,Fear (1996),5
1449,Pather Panchali (1955),5
1024,Mrs. Dalloway (1997),5
1118,Up in Smoke (1978),5
1103,Trust (1990),5
760,Screamers (1995),5
1060,Adventures of Pinocchio,5
85,Ref,5
231,Batman Returns (1992),5
361,Incognito (1997),5
723,Boys on the Side (1995),5
537,My Own Private Idaho (1991),5
261,Air Bud (1997),5
752,Replacement Killers,5
309,Deceiver (1997),5
412,Very Brady Sequel,5
680,Kull the Conqueror (1997),5
401,Brady Bunch Movie,5
835,Gay Divorcee,5
159,Basic Instinct (1992),5
1011,2 Days in the Valley (1996),5
54,Outbreak (1995),5
1286,Shall We Dance? (1937),5
864,My Fellow Americans (1996),5
102,Aristocats,5
854,Bad Taste (1987),5
576,Cliffhanger (1993),5
979,Trigger Effect,5
1062,Four Days in September (1997),5
958,To Live (Huozhe) (1994),5
244,Smilla's Sense of Snow (1997),4
730,Queen Margot (Reine Margot,4
1172,Women,4
379,Tales From the Crypt Presents: Demon Knight (1995),4
939,Murder in the First (1995),4
968,Inspector General,4
806,Menace II Society (1993),4
1099,Red Firecracker,4
1558,Aparajito (1956),4
770,Devil in a Blue Dress (1995),4
944,Renaissance Man (1994),4
1159,Stalker (1979),4
106,Diabolique (1996),4
1135,Doors,4
1149,Walkabout (1971),4
372,Jeffrey (1995),4
1154,Alphaville (1965),4
1199,Cemetery Man (Dellamorte Dellamore) (1994),4
370,Mary Reilly (1996),4
702,Barcelona (1994),4
943,Killing Zoe (1994),4
384,Naked Gun 33 1/3: The Final Insult (1994),4
906,Oscar & Lucinda (1997),4
452,Jaws 2 (1978),4
1097,Hate (Haine,4
1053,Now and Then (1995),4
1008,I Shot Andy Warhol (1996),4
1296,Indian Summer (1996),4
459,Cry,4
941,With Honors (1994),4
888,One Night Stand (1997),4
649,Once Upon a Time in America (1984),4
1512,World of Apu,4
338,Bean (1997),4
409,Jack (1996),4
41,Billy Madison (1995),4
336,Playing God (1997),4
330,187 (1997),4
785,Only You (1994),4
846,To Gillian on Her 37th Birthday (1996),4
1131,Safe (1995),4
937,Thousand Acres,4
878,That Darn Cat! (1997),4
350,Fallen (1998),4
718,In the Bleak Midwinter (1995),4
624,Three Caballeros,4
717,Juror,4
833,Bulletproof (1996),4
942,What's Love Got to Do with It (1993),4
27,Bad Boys (1995),4
956,Nobody's Fool (1994),4
953,Unstrung Heroes (1995),4
1269,Love in the Afternoon (1957),4
960,Naked (1993),4
342,Man Who Knew Too Little,4
141,,4
916,Lost in Space (1998),4
1093,Live Nude Girls (1995),4
877,Excess Baggage (1997),4
826,Phantom,4
362,Blues Brothers 2000 (1998),4
670,Body Snatchers (1993),4
279,Once Upon a Time... When We Were Colored (1995),3
884,Year of the Horse (1997),3
925,Unforgettable (1996),3
1175,Hugo Pool (1997),3
774,Prophecy,3
1109,Death and the Maiden (1994),3
965,Funny Face (1957),3
899,Winter Guest,3
772,Kids (1995),3
889,Tango Lesson,3
167,Private Benjamin (1980),3
623,Angels in the Outfield (1994),3
696,City Hall (1996),3
290,Fierce Creatures (1997),3
1368,Mina Tannenbaum (1994),3
1192,Boys of St. Vincent,3
583,Romeo Is Bleeding (1993),3
1204,To Be or Not to Be (1942),3
1042,Just Cause (1995),3
915,Primary Colors (1998),3
883,Telling Lies in America (1997),3
630,Great Race,3
1167,Sum of Us,3
951,Indian in the Cupboard,3
871,Vegas Vacation (1997),3
46,Exotica (1994),3
256,When the Cats Away (Chacun cherche son chat) (1996),3
1090,Sliver (1993),3
1110,Tank Girl (1995),3
875,She's So Lovely (1997),3
450,Star Trek V: The Final Frontier (1989),3
386,Addams Family Values (1993),3
1404,Withnail and I (1987),3
995,Kiss Me,3
149,Jude (1996),3
158,Weekend at Bernie's (1989),3
1367,Faust (1994),3
1262,Walking and Talking (1996),3
1451,Foreign Correspondent (1940),3
769,Congo (1995),3
1051,Associate,3
1265,Star Maps (1997),3
986,Turbulence (1997),3
1105,Firestorm (1998),3
369,Black Sheep (1996),3
1268,Bitter Moon (1992),3
503,Candidate,3
831,Escape from L.A. (1996),3
567,Wes Craven's New Nightmare (1994),3
532,Kama Sutra: A Tale of Love (1996),3
1251,A Chef in Love (1996),3
1218,Friday (1995),3
573,Body Snatchers (1993),3
681,Wishmaster (1997),3
396,Serial Mom (1994),3
932,First Kid (1996),3
263,Steel (1997),3
16,French Twist (Gazon maudit) (1995),3
1153,Backbeat (1993),3
1195,Strawberry and Chocolate (Fresa y chocolate) (1993),3
119,Maya Lin: A Strong Clear Vision (1994),3
1157,Relic,3
552,Species (1995),3
892,Flubber (1997),3
1245,Gridlock'd (1997),3
977,Substitute,3
793,Crooklyn (1994),3
1277,Set It Off (1996),3
593,Stalingrad (1993),3
1069,Amateur (1994),3
805,Manhattan Murder Mystery (1993),3
554,Waterworld (1995),3
1524,Kaspar Hauser (1993),3
541,Mortal Kombat (1995),3
608,Spellbound (1945),3
1375,Cement Garden,3
687,McHale's Navy (1997),3
76,Carlito's Way (1993),3
352,Spice World (1997),3
142,Bedknobs and Broomsticks (1971),3
1293,Star Kid (1997),3
1298,Band Wagon,3
113,Horseman on the Roof,3
341,Critical Care (1997),3
1189,Prefontaine (1997),3
394,Radioland Murders (1994),2
337,House of Yes,2
1233,N�nette et Boni (1996),2
1302,Late Bloomers (1996),2
1079,Joe's Apartment (1996),2
1592,Magic Hour,2
811,Thirty-Two Short Films About Glenn Gould (1993),2
1174,Caught (1996),2
796,Speechless (1994),2
1163,Portrait of a Lady,2
1034,Quest,2
542,Pocahontas (1995),2
1170,Spanking the Monkey (1994),2
1473,Little Princess,2
1048,She's the One (1996),2
761,Nick of Time (1995),2
737,Sirens (1994),2
1046,Malice (1993),2
816,Candyman: Farewell to the Flesh (1995),2
557,Farinelli: il castrato (1994),2
349,Hard Rain (1998),2
843,Shaggy Dog,2
1115,Twelfth Night (1996),2
1044,Paper,2
351,Prophecy II,2
1591,Duoluo tianshi (1995),2
1466,Margaret's Museum (1995),2
1166,Love & Human Remains (1993),2
914,Wild Things (1998),2
445,Body Snatcher,2
605,Meet Me in St. Louis (1944),2
674,Cat People (1982),2
138,D3: The Mighty Ducks (1996),2
1171,Wild Reeds (1994),2
998,Cabin Boy (1994),2
823,Mulholland Falls (1996),2
40,To Wong Foo,2
722,Nine Months (1995),2
1095,High School High (1996),2
617,Blue Angel,2
364,Ace Ventura: When Nature Calls (1995),2
691,Dark City (1998),2
622,Swiss Family Robinson (1960),2
1280,Gang Related (1997),2
460,Crossing Guard,2
1089,Speed 2: Cruise Control (1997),2
683,Rocket Man (1997),2
938,Smile Like Yours,2
572,Blown Away (1994),2
850,Perfect Candidate,2
980,Mother Night (1996),2
876,Money Talks (1997),2
1217,Assassins (1995),2
1462,Thieves (Voleurs,2
1018,Tie Me Up! Tie Me Down! (1990),2
1045,Fearless (1993),2
534,Traveller (1997),2
1168,Little Buddha (1993),2
1426,Grace of My Heart (1996),2
360,Wonderland (1997),2
1035,Cool Runnings (1993),2
731,Corrina,2
820,Space Jam (1996),2
842,Pollyanna (1960),2
536,Ponette (1996),2
974,Eye for an Eye (1996),2
1266,Bread and Chocolate (Pane e cioccolata) (1973),2
1193,Before the Rain (Pred dozhdot) (1994),2
355,Sphere (1998),2
849,Days of Thunder (1990),2
1405,Boy's Life 2 (1997),2
1428,SubUrbia (1997),2
308,FairyTale: A True Story (1997),2
426,Transformers: The Movie,2
1033,Homeward Bound II: Lost in San Francisco (1996),2
80,Hot Shots! Part Deux (1993),2
139,Love Bug,2
618,Picnic (1955),2
926,Down Periscope (1996),2
1113,Mrs. Parker and the Vicious Circle (1994),2
821,Mrs. Winterbourne (1996),2
1059,Don't Be a Menace to South Central While Drinking Your Juice in the Hood (1996),2
575,City Slickers II: The Legend of Curly's Gold (1994),2
800,In the Mouth of Madness (1995),2
563,Stephen King's The Langoliers (1995),2
1086,It's My Party (1995),2
947,Big Blue,2
703,Widows' Peak (1994),2
733,Go Fish (1994),2
1006,Until the End of the World (Bis ans Ende der Welt) (1991),2
1058,War,2
1114,Faithful (1996),2
934,Preacher's Wife,2
533,Daytrippers,2
810,Shadow,2
827,Daylight (1996),2
1500,Santa with Muscles (1996),2
701,Wonderful,2
1244,Metro (1997),2
544,Things to Do in Denver when You're Dead (1995),2
1210,Virtuosity (1995),2
867,Whole Wide World,2
954,Unzipped (1995),2
1139,Hackers (1995),2
787,Roommates (1995),2
1188,Young Guns II (1990),2
1085,Carried Away (1996),2
1061,Evening Star,2
1066,Balto (1995),2
390,Fear of a Black Hat (1993),2
1036,Drop Dead Fred (1991),2
695,Kicking and Screaming (1995),2
1190,That Old Feeling (1997),2
120,Striptease (1996),2
391,Last Action Hero (1993),2
908,Half Baked (1998),2
1401,M. Butterfly (1993),2
1038,Switchback (1997),2
1643,Angel Baby (1995),2
1094,Thin Line Between Love and Hate,2
1282,Grass Harp,2
1628,Lamerica (1994),2
1169,Fresh (1994),2
1015,Shiloh (1997),2
592,True Crime (1995),2
1612,Leading Man,2
851,Two or Three Things I Know About Her (1966),2
1191,Letter From Death Row,2
1467,Saint of Fort Washington,2
43,Disclosure (1994),1
1184,Endless Summer 2,1
791,Baby-Sitters Club,1
1054,Mr. Wrong (1996),1
972,Passion Fish (1992),1
395,Robin Hood: Men in Tights (1993),1
967,Little Lord Fauntleroy (1936),1
894,Home Alone 3 (1997),1
1313,Palmetto (1998),1
903,Afterglow (1997),1
1064,Crossfire (1947),1
1470,Gumby: The Movie (1995),1
1597,Romper Stomper (1992),1
812,Andre (1994),1
1301,Stripes (1981),1
1127,Truman Show,1
1258,Trial and Error (1997),1
84,Robert A. Heinlein's The Puppet Masters (1994),1
1052,Dracula: Dead and Loving It (1995),1
1252,Contempt (M�pris,1
444,Blob,1
790,Tommy Boy (1995),1
264,Mimic (1997),1
1043,Rent-a-Kid (1995),1
368,Bio-Dome (1996),1
373,Judge Dredd (1995),1
1155,Rendezvous in Paris (Rendez-vous de Paris,1
976,Solo (1996),1
1158,Fille seule,1
1468,Cure,1
950,Georgia (1995),1
962,Ruby in Paradise (1993),1
978,Heaven's Prisoners (1996),1
802,Hard Target (1993),1
1026,Lay of the Land,1
818,Girl 6 (1996),1
840,Last Man Standing (1996),1
1427,Drunks (1995),1
1206,Amos & Andrew (1993),1
574,Boxing Helena (1993),1
637,Howling,1
74,Faster Pussycat! Kill! Kill! (1965),1
1275,Killer (Bulletproof Heart) (1994),1
35,Free Willy 2: The Adventure Home (1995),1
1202,Maybe,1
441,Amityville Horror,1
775,Something to Talk About (1995),1
1283,Out to Sea (1997),1
571,Another Stakeout (1993),1
1040,Two if by Sea (1996),1
869,Fools Rush In (1997),1
1431,Legal Deceit (1997),1
940,Airheads (1994),1
808,Program,1
988,Beautician and the Beast,1
376,Houseguest (1994),1
832,Bogus (1996),1
935,Paradise Road (1997),1
551,Lord of Illusions (1995),1
1421,My Crazy Life (Mi vida loca) (1993),1
619,Extreme Measures (1996),1
1243,Night Flier (1997),1
1355,Infinity (1996),1
388,Beverly Hills Cop III (1994),1
375,Showgirls (1995),1
407,Spy Hard (1996),1
1514,Dream With the Fishes (1997),1
1037,Grease 2 (1982),1
1529,Underground (1995),1
667,Audrey Rose (1977),1
363,Sudden Death (1995),1
848,Murder,1
809,Rising Sun (1993),1
585,Son in Law (1993),1
1284,Before and After (1996),1
700,Miami Rhapsody (1995),1
112,Flipper (1996),1
1128,Heidi Fleiss: Hollywood Madam (1995),1
1656,Little City (1998),1
1463,Boys,1
267,unknown,1
1653,Entertaining Angels: The Dorothy Day Story (1996),1
991,Keys to Tulsa (1997),1
1148,Tom & Viv (1994),1
1030,Beverly Hillbillies,1
1141,War Room,1
1211,Blue Sky (1994),1
1205,Secret Agent,1
353,Deep Rising (1998),1
105,Sgt. Bilko (1996),1
764,If Lucy Fell (1996),1
1147,My Family (1995),1
454,Bastard Out of Carolina (1996),1
78,Free Willy (1993),1
1229,Poison Ivy II (1995),1
1469,Tom and Huck (1995),1
834,Halloween: The Curse of Michael Myers (1995),1
400,Little Rascals,1
1642,Some Mother's Son (1996),1
1273,Color of Night (1994),1
704,House of the Spirits,1
1598,City of Industry (1997),1
1495,Flirt (1995),1
570,Wyatt Earp (1994),1
738,Threesome (1994),1
1459,Madame Butterfly (1995),1
456,Beverly Hills Ninja (1997),1
1056,Cronos (1992),1
862,Jingle All the Way (1996),1
1439,Jason's Lyric (1994),1
1198,Purple Noon (1960),1
973,Grateful Dead (1995),1
569,Wolf (1994),1
1472,Visitors,1
1075,Man of No Importance,1
1281,Manny & Lo (1996),1
829,Fled (1996),1
1234,Chairman of the Board (1998),1
905,Great Expectations (1998),1
1120,I'm Not Rappaport (1996),1
891,Bent (1997),1
860,Believers,1
1133,Escape to Witch Mountain (1975),1
885,Phantoms (1998),1
743,Crow: City of Angels,1
34,Doom Generation,1
1605,Love Serenade (1996),1
335,How to Be a Player (1997),1
838,In the Line of Duty 2 (1987),1
254,Batman & Robin (1997),1
1116,Mark of Zorro,1
1620,Sixth Man,1
1394,Swept from the Sea (1997),1
1078,Oliver & Company (1988),1
247,Turbo: A Power Rangers Movie (1997),1
1295,Kicked in the Head (1997),1
1316,Horse Whisperer,1
110,Operation Dumbo Drop (1995),1
797,Timecop (1994),1
1242,Old Lady Who Walked in the Sea,1
18,White Balloon,1
383,Flintstones,1
712,Tin Men (1987),1
1239,Cutthroat Island (1995),1
1450,Golden Earrings (1947),1
1260,Total Eclipse (1995),1
1238,Full Speed (1996),1
348,Desperate Measures (1998),1
890,Mortal Kombat: Annihilation (1997),1
130,Kansas City (1996),1
1032,Little Big League (1994),1
621,Davy Crockett,1
688,Leave It to Beaver (1997),1
1446,Bye Bye,1
1029,Jury Duty (1995),1
1398,Anna (1996),1
635,Fog,1
1443,8 Seconds (1994),1
1222,Judgment Night (1993),1
982,Maximum Risk (1996),1
145,Lawnmower Man,1
1311,Waiting to Exhale (1995),1
1357,For the Moment (1994),1
1150,Last Dance (1996),1
422,Aladdin and the King of Thieves (1996),1
1232,Madonna: Truth or Dare (1991),1
1207,Jade (1995),1
1419,Highlander III: The Sorcerer (1994),1
1132,Feeling Minnesota (1996),1
1381,Losing Chase (1996),1
1144,Quiet Room,1
828,Alaska (1996),1
1639,Bitter Sugar (Azucar Amargo) (1996),1
413,Tales from the Crypt Presents: Bordello of Blood (1996),1
1187,Switchblade Sisters (1975),1
901,Mr. Magoo (1997),1
1104,C'est arriv� pr�s de chez vous (1992),1
771,Johnny Mnemonic (1995),1
1483,Man in the Iron Mask,1
1434,Shooting Fish (1997),1
1117,Surviving Picasso (1996),1
1001,Stupids,1
776,Three Wishes (1995),1
841,Glimmer Man,1
1396,Stonewall (1995),1
1594,Everest (1998),1
1294,Ayn Rand: A Sense of Life (1997),1
1177,Dunston Checks In (1996),1
1138,Best Men (1997),1
1599,Someone Else's America (1995),1
1389,Mondo (1996),1
1448,My Favorite Season (1993),1
1475,Bhaji on the Beach (1993),1
1617,Hugo Pool (1997),1
1125,Innocents,1
1413,Street Fighter (1994),1
1388,Gabbeh (1996),1
1347,Ballad of Narayama,1
1479,Reckless (1995),1
1537,Cosi (1996),1
1503,Gold Diggers: The Secret of Bear Mountain (1995),1
1589,Schizopolis (1996),1
868,Hearts and Minds (1996),1
1607,Hurricane Streets (1998),1
1540,Amazing Panda Adventure,1
1237,Twisted (1996),1
1400,Picture Bride (1995),1
964,Month by the Lake,1
548,NeverEnding Story III,1
1600,Guantanamera (1994),1
626,So Dear to My Heart (1949),1
1111,Double Happiness (1994),1
1031,Lassie (1994),1
1410,Harlem (1993),1
1516,Wedding Gift,1
1201,Marlene Dietrich: Shadow and Light (1996),1
1429,Sliding Doors (1998),1
1491,Tough and Deadly (1995),1
1499,Grosse Fatigue (1994),1
1358,The Deadly Cure (1996),1
1629,Nico Icon (1995),1
1377,Hotel de Love (1996),1
1344,Story of Xinghua,1
1536,Aiqing wansui (1994),1
1306,Delta of Venus (1994),1
814,Great Day in Harlem,1
1122,They Made Me a Criminal (1939),1
586,Terminal Velocity (1994),0
981,Dangerous Ground (1997),0
1338,Two Deaths (1995),0
948,Booty Call (1997),0
1108,Feast of July (1995),0
824,Great White Hype,0
1523,Good Man in Africa,0
594,Heavy (1995),0
440,Amityville II: The Possession (1982),0
1444,That Darn Cat! (1965),0
1625,Nightwatch (1997),0
817,Frisk (1995),0
1326,Boys (1996),0
1489,Chasers (1994),0
446,Burnt Offerings (1976),0
1676,War at Home,0
565,Village of the Damned (1995),0
1552,Hunted,0
1336,Kazaam (1996),0
1634,Etz Hadomim Tafus (Under the Domin Tree) (1994),0
1440,Above the Rim (1994),0
1180,I Love Trouble (1994),0
804,Jimmy Hollywood (1994),0
1497,Line King: Al Hirschfeld,0
1013,Anaconda (1997),0
1253,Tie That Binds,0
1331,Last Klezmer: Leopold Kozlowski,0
1082,Female Perversions (1996),0
819,Eddie (1996),0
714,Carrington (1995),0
1274,Robocop 3 (1993),0
698,Browning Version,0
931,Island of Dr. Moreau,0
1124,Farewell to Arms,0
858,Amityville: Dollhouse (1996),0
1181,Low Down Dirty Shame,0
920,Two Bits (1995),0
560,Kid in King Arthur's Court,0
1200,Kim (1950),0
1228,Under Siege 2: Dark Territory (1995),0
1231,Marked for Death (1990),0
1091,Pete's Dragon (1977),0
1279,Wild America (1997),0
1560,Clean Slate (Coup de Torchon) (1981),0
1631,Slingshot,0
1531,Far From Home: The Adventures of Yellow Dog (1995),0
540,Money Train (1995),0
773,Mute Witness (1994),0
1376,Meet Wally Sparks (1997),0
1248,Blink (1994),0
1387,Fall (1997),0
1619,All Things Fair (1996),0
104,Theodore Rex (1995),0
1224,Scout,0
1164,Zeus and Roxanne (1997),0
1481,S.F.W. (1994),0
1077,Love and a .45 (1994),0
1215,Barb Wire (1996),0
564,Tales from the Hood (1995),0
1422,Suture (1993),0
1515,Wings of Courage (1995),0
1320,Homage (1995),0
1399,Stranger in the House (1997),0
36,Mad Love (1995),0
296,Promesse,0
1162,Phat Beach (1996),0
1372,Stranger,0
1312,Pompatus of Love,0
1333,Midnight Dancers (Sibak) (1994),0
1178,Major Payne (1994),0
1585,American Dream (1990),0
1608,Buddy (1997),0
1165,Big Bully (1996),0
1408,Gordy (1995),0
1382,Bonheur,0
783,Milk Money (1994),0
374,Mighty Morphin Power Rangers: The Movie (1995),0
1553,Underneath,0
1386,Tetsuo II: Body Hammer (1992),0
1173,Bliss (1997),0
1339,Stefano Quantestorie (1993),0
555,White Man's Burden (1995),0
1668,Wedding Bell Blues (1996),0
1335,American Buffalo (1996),0
1092,Dear God (1996),0
1255,Broken English (1996),0
1315,Inventing the Abbotts (1997),0
1415,Next Karate Kid,0
786,Perez Family,0
1072,Pyromaniac's Love Story,0
677,Fire on the Mountain (1996),0
784,Beyond Bedlam (1993),0
1380,Hollow Reed (1996),0
1324,Loaded (1994),0
933,Funeral,0
1501,Prisoner of the Mountains (Kavkazsky Plennik) (1996),0
1289,Jack and Sarah (1995),0
929,Harriet the Spy (1996),0
1267,Clockers (1995),0
795,Richie Rich (1994),0
1327,Captives (1994),0
911,Twilight (1998),0
1488,Germinal (1993),0
1435,Steal Big,0
917,Mercury Rising (1998),0
598,Big Squeeze,0
669,Body Parts (1991),0
983,Rich Man's Wife,0
1662,Rough Magic (1995),0
1276,Sunset Park (1996),0
415,Apple Dumpling Gang,0
996,Big Green,0
1100,What Happened Was... (1994),0
1088,Double Team (1997),0
1196,Savage Nights (Nuits fauves,0
103,All Dogs Go to Heaven 2 (1996),0
893,For Richer or Poorer (1997),0
1528,Nowhere (1997),0
767,Addiction,0
1478,Dead Presidents (1995),0
1432,Mighty,0
1225,Angus (1995),0
765,Boomerang (1992),0
1246,Bushwhacked (1995),0
1049,House Arrest (1996),0
1509,Getting Even with Dad (1994),0
1182,Cops and Robbersons (1994),0
1484,Jerky Boys,0
807,Poetic Justice (1993),0
1445,Ladybird Ladybird (1994),0
1003,That Darn Cat! (1997),0
1664,8 Heads in a Duffel Bag (1997),0
1412,Land Before Time III: The Time of the Great Giving (1995) (V),0
798,Bad Company (1995),0
1076,Pagemaster,0
438,Amityville 3-D (1983),0
1423,Walking Dead,0
1161,Palookaville (1996),0
545,Vampire in Brooklyn (1995),0
442,Amityville Curse,0
1226,Night Falls on Manhattan (1997),0
870,Touch (1997),0
1456,Beat the Devil (1954),0
1270,Life with Mikey (1993),0
1663,Nothing Personal (1995),0
1071,Party Girl (1995),0
1424,I Like It Like That (1994),0
1383,Second Jungle Book: Mowgli & Baloo,0
1442,Scarlet Letter,0
801,Air Up There,0
397,Striking Distance (1993),0
1057,Pallbearer,0
859,April Fool's Day (1986),0
1219,Goofy Movie,0
1185,In the Army Now (1994),0
1409,Swan Princess,0
1518,Losing Isaiah (1995),0
1392,Locusts,0
1498,Farmer & Chase (1995),0
643,The Innocent (1994),0
725,Exit to Eden (1994),0
1023,Fathers' Day (1997),0
779,Drop Zone (1994),0
1587,Terror in a Texas Town (1958),0
1212,Flesh and Bone (1993),0
1397,Of Human Bondage (1934),0
1630,Silence of the Palace,0
1259,Pie in the Sky (1995),0
1254,Gone Fishin' (1997),0
1541,Beans of Egypt,0
1102,Two Much (1996),0
910,Nil By Mouth (1997),0
1209,Mixed Nuts (1994),0
803,Heaven & Earth (1993),0
1667,Next Step,0
1646,Men With Guns (1997),0
1384,Squeeze (1996),0
590,Hellraiser: Bloodline (1996),0
1257,Designated Mourner,0
1418,Joy Luck Club,0
1586,Lashou shentan (1992),0
999,Clean Slate (1994),0
1002,Pest,0
1406,When Night Is Falling (1995),0
146,Unhook the Stars (1996),0
1291,Celtic Pride (1996),0
1343,Lotto Land (1995),0
706,Bad Moon (1996),0
1216,Kissed (1996),0
406,Thinner (1996),0
1652,Temptress Moon (Feng Yue) (1996),0
1604,He Walked by Night (1948),0
1263,Foxfire (1996),0
1474,Nina Takes a Lover (1994),0
1055,Simple Twist of Fate,0
1106,Newton Boys,0
1573,Spirits of the Dead (Tre passi nel delirio) (1968),0
1365,Johnny 100 Pesos (1993),0
1004,Geronimo: An American Legend (1993),0
1535,Enfer,0
1613,Tokyo Fist (1995),0
398,Super Mario Bros. (1993),0
1476,Raw Deal (1948),0
918,City of Angels (1998),0
37,Nadja (1994),0
668,Blood Beach (1981),0
577,Coneheads (1993),0
1626,Nobody Loves Me (Keiner liebt mich) (1994),0
927,Flower of My Secret,0
1378,Rhyme & Reason (1997),0
1360,Sexual Life of the Belgians,0
1578,Collectionneuse,0
1544,It Takes Two (1995),0
1297,Love Affair (1994),0
457,Free Willy 3: The Rescue (1997),0
1329,Low Life,0
620,Chamber,0
75,Brother Minister: The Assassination of Malcolm X (1994),0
1526,Witness (1985),0
1112,Cobb (1994),0
1436,Mr. Jones (1993),0
1416,No Escape (1994),0
1179,Man of the House (1995),0
556,Wild Bill (1995),0
726,Fluke (1995),0
1590,To Have,0
734,Made in America (1993),0
1571,Touki Bouki (Journey of the Hyena) (1973),0
377,Heavyweights (1994),0
587,Hour of the Pig,0
539,Mouse Hunt (1997),0
1305,National Lampoon's Senior Trip (1995),0
1235,Big Bang Theory,0
1285,Princess Caraboo (1994),0
1151,Original Gangstas (1996),0
1230,Ready to Wear (Pret-A-Porter) (1994),0
1521,Mr. Wonderful (1993),0
1657,Target (1995),0
1407,Specialist,0
1319,Neon Bible,0
728,Junior (1994),0
1391,For Ever Mozart (1996),0
1433,Men of Means (1998),0
1183,Cowboy Way,0
1213,Guilty as Sin (1993),0
1323,Wooden Man's Bride,0
985,Blood & Wine (1997),0
1303,Getaway,0
1087,Bloodsport 2 (1995),0
1318,Catwalk (1995),0
1517,Race the Sun (1996),0
1083,Albino Alligator (1996),0
1454,Angel and the Badman (1947),0
1425,I'll Do Anything (1994),0
1107,Beyond Rangoon (1995),0
1145,Blue Chips (1994),0
1317,Journey of August King,0
759,Fair Game (1995),0
766,Man of the Year (1995),0
1208,Kiss of Death (1995),0
1555,Secret Adventures of Tom Thumb,0
719,Canadian Bacon (1994),0
758,Lawnmower Man 2: Beyond Cyberspace (1996),0
1214,In the Realm of the Senses (Ai no corrida) (1976),0
1411,Barbarella (1968),0
1300,'Til There Was You (1997),0
1299,Penny Serenade (1941),0
453,Jaws 3-D (1983),0
1522,Trial by Jury (1994),0
579,Fatal Instinct (1993),0
1337,Larger Than Life (1996),0
1402,Ciao,0
997,Stuart Saves His Family (1995),0
1430,Ill Gotten Gains (1997),0
1615,Warriors of Virtue (1997),0
1081,Curdled (1996),0
424,Children of the Corn: The Gathering (1996),0
970,Hear My Song (1991),0
1583,Invitation,0
1611,Intimate Relations (1996),0
1371,Machine,0
1437,House Party 3 (1994),0
1271,North (1994),0
1554,Safe Passage (1994),0
1261,Run of the Country,0
1345,Day the Sun Turned Cold,0
1140,Road to Wellville,0
1603,Angela (1995),0
1370,I Can't Sleep (J'ai pas sommeil) (1994),0
1636,Brothers in Trouble (1995),0
1551,Glass Shield,0
1504,Bewegte Mann,0
1464,Stars Fell on Henrietta,0
1549,Dream Man (1995),0
1186,Inkwell,0
1486,Girl in the Cadillac (1995),0
1249,For Love or Money (1993),0
1548,The Courtyard (1995),0
1334,Somebody to Love (1994),0
861,Nosferatu a Venezia (1986),0
1351,Lover's Knot (1996),0
1665,Brother's Kiss,0
782,Little Odessa (1994),0
1679,B. Monkey (1998),0
1496,Carpool (1996),0
1369,Forbidden Christ,0
1658,Substance of Fire,0
1385,Roseanna's Grave (For Roseanna) (1997),0
1346,Dingo (1992),0
1287,Ed (1996),0
1393,Stag (1997),0
830,Power 98 (1995),0
1485,Colonel Chabert,0
1328,Of Love and Shadows (1994),0
1068,Star Maker,0
1420,Gilligan's Island: The Movie (1998),0
1471,Hideaway (1995),0
1519,New Jersey Drive (1995),0
1565,Daens (1992),0
1250,Best of the Best 3: No Turning Back (1995),0
1510,Mad Dog Time (1996),0
1506,Nelly & Monsieur Arnaud (1995),0
757,Across the Sea of Time (1995),0
1314,Surviving the Game (1994),0
1322,Metisse (Caf� au Lait) (1993),0
1465,Last Summer in the Hamptons (1995),0
912,U.S. Marshalls (1998),0
1681,You So Crazy (1994),0
1417,Turning,0
1576,Hungarian Fairy Tale,0
1361,Search for One-eye Jimmy,0
1546,Shadows (Cienie) (1988),0
1223,King of the Hill (1993),0
1650,Butcher Boy,0
1534,Twin Town (1997),0
1660,Small Faces (1995),0
1264,Nothing to Lose (1994),0
1577,Death in the Garden (Mort en ce jardin,0
1272,Talking About Sex (1994),0
1342,Convent,0
439,Amityville: A New Generation (1993),0
1525,Object of My Affection,0
1487,Even Cowgirls Get the Blues (1993),0
1480,Herbie Rides Again (1974),0
1530,Jefferson in Paris (1995),0
1441,Moonlight and Valentino (1995),0
1227,Awfully Big Adventure,0
1352,Shadow of Angels (Schatten der Engel) (1976),0
1395,Hurricane Streets (1998),0
1511,Children of the Revolution (1996),0
1632,Land and Freedom (Tierra y libertad) (1995),0
1616,Desert Winds (1995),0
1547,Show,0
1247,Bad Girls (1994),0
822,Faces (1968),0
957,Pushing Hands (1992),0
1644,Sudden Manhattan (1996),0
437,Amityville 1992: It's About Time (1992),0
1610,Truth or Consequences,0
1290,Country Life (1994),0
1564,To Cross the Rubicon (1991),0
1556,Condition Red (1995),0
1307,Carmen Miranda: Bananas Is My Business (1994),0
1477,Nightwatch (1997),0
1659,Getting Away With Murder (1996),0
1490,Fausto (1993),0
994,Last Time I Committed Suicide,0
907,Vermin (1998),0
1288,Denise Calls Up (1995),0
799,Boys Life (1995),0
1374,Falling in Love Again (1980),0
1438,Panther (1995),0
1609,B*A*P*S (1997),0
1000,Lightning Jack (1994),0
1390,Innocent Sleep,0
1572,Wend Kuuni (God's Gift) (1982),0
788,Relative Fear (1994),0
666,Blood For Dracula (Andy Warhol's Dracula) (1974),0
314,3 Ninjas: High Noon At Mega Mountain (1998),0
1330,An Unforgettable Summer (1994),0
1622,Paris,0
1332,My Life and Times With Antonin Artaud (En compagnie d'Antonin Artaud) (1993),0
1673,Mirage (1995),0
1292,Simple Wish,0
1641,Dadetown (1995),0
1460,Sleepover (1995),0
839,Loch Ness (1995),0
1502,Naked in New York (1994),0
1538,All Over Me (1997),0
1123,Last Time I Saw Paris,0
1593,Death in Brunswick (1991),0
1379,Love and Other Catastrophes (1996),0
1455,Outlaw,0
1655,Favor,0
1567,Careful (1992),0
1651,Spanish Prisoner,0
1533,I Don't Want to Talk About It (De eso no se habla) (1993),0
1647,Hana-bi (1997),0
987,Underworld (1997),0
1532,Foreign Student (1994),0
1256,Designated Mourner,0
777,Castle Freak (1995),0
1545,Frankie Starlight (1995),0
1508,Babysitter,0
1458,Damsel in Distress,0
600,Daniel Defoe's Robinson Crusoe (1996),0
1678,Mat' i syn (1997),0
1671,Further Gesture,0
1241,Van,0
1130,Jupiter's Wife (1994),0
1096,Commandments (1997),0
1513,Sprung (1997),0
1403,Caro Diario (Dear Diary) (1994),0
1353,1-900 (1994),0
1561,Tigrero: A Film That Was Never Made (1994),0
1562,Eye of Vichy,0
1570,Quartier Mozart (1992),0
1648,Niagara,0
1649,Big One,0
1146,Calendar Girl (1993),0
1645,Butcher Boy,0
1661,New Age,0
1447,Century (1993),0
1677,Sweet Nothing (1995),0
1304,New York Cop (1996),0
1527,Senseless (1998),0
1309,Very Natural Thing,0
897,Time Tracers (1995),0
1568,Vermont Is For Lovers (1992),0
1543,Johns (1996),0
1520,Fear,0
1672,Kika (1993),0
1606,Deceiver (1997),0
1080,Celestial Clockwork (1994),0
857,Paris Was a Woman (1995),0
1550,Destiny Turns on the Radio (1995),0
1457,Love Is All There Is (1996),0
1638,Normal Life (1996),0
1621,Butterfly Kiss (1995),0
1414,Coldblooded (1995),0
1321,Open Season (1996),0
1362,American Strays (1996),0
1581,Woman in Question,0
599,Police Story 4: Project S (Chao ji ji hua) (1993),0
913,Love and Death on Long Island (1997),0
1682,Scream of Stone (Schrei aus Stein) (1991),0
1359,Boys in Venice (1996),0
1588,Salut cousin! (1996),0
1461,Here Comes Cookie (1935),0
1539,Being Human (1993),0
1308,Babyfever (1994),0
1635,Two Friends (1986),0
1602,Price Above Rubies,0
1340,Crude Oasis,0
1557,Yankee Zulu (1994),0
1341,Hedd Wyn (1992),0
1363,Leopard Son,0
1614,Reluctant Debutante,0
1601,Office Killer (1997),0
1640,Eighth Day,0
1637,Girls Town (1996),0
1348,Every Other Weekend (1990),0
1680,Sliding Doors (1998),0
1542,Scarlet Letter,0
1505,Killer: A Journal of Murder (1995),0
1310,Walk in the Sun,0
1373,Good Morning (1971),0
992,Head Above Water (1996),0
1627,Wife,0
1670,Tainted (1998),0
1575,I,0
1356,Ed's Next Move (1996),0
1350,Crows and Sparrows (1949),0
1566,Man from Down Under,0
1623,C�r�monie,0
852,Bloody Child,0
1027,Shooter,0
1654,Chairman of the Board (1998),0
1584,Symphonie pastorale,0
1618,King of New York (1990),0
1452,Lady of Burlesque (1943),0
1595,Shopping (1994),0
1559,Hostile Intentions (1994),0
1563,Promise,0
1493,Modern Affair,0
1494,Mostro,0
1569,Vie est belle,0
711,Substance of Fire,0
1236,Other Voices,0
1579,Baton Rouge (1988),0
1366,JLG/JLG - autoportrait de d�cembre (1994),0
1574,Pharaoh's Army (1995),0
1666,Ripe (1996),0
1349,Mille bolle blu (1993),0
1507,Three Lives and Only One Death (1996),0
1156,Cyclo (1995),0
1453,Angel on My Shoulder (1946),0
1596,Nemesis 2: Nebula (1995),0
1482,Gate of Heavenly Peace,0
1633,� k�ldum klaka (Cold Fever) (1994),0
1674,Mamma Roma (1962),0
1582,T-Men (1947),0
1624,Hush (1998),0
1364,Bird of Prey (1996),0
1580,Liebelei (1933),0
1492,Window to Paris (1994),0
1354,Venice/Venice (1992),0
1675,Sunchaser,0
1669,MURDER and murder (1996),0
1325,August (1996),0
